{
  "width": 640,
  "height": 360,
  "fps": 60,
  "main": "./script/aez_bundle_main.js",
  "assets": {
    "tori": {
      "type": "image",
      "width": 128,
      "height": 256,
      "path": "files/7880ba2ccd96257b92d1.png",
      "virtualPath": "image/tori.png"
    },
    "tori2": {
      "type": "image",
      "width": 128,
      "height": 256,
      "path": "files/b2a6fe75034fb5710eea.png",
      "virtualPath": "image/tori2.png"
    },
    "tori3": {
      "type": "image",
      "width": 128,
      "height": 256,
      "path": "files/a04c5629fcf365d0b810.png",
      "virtualPath": "image/tori3.png"
    },
    "tori4": {
      "type": "image",
      "width": 128,
      "height": 256,
      "path": "files/fae360cbbbc918bb2ec6.png",
      "virtualPath": "image/tori4.png"
    },
    "BeatAction": {
      "type": "script",
      "path": "files/773ddfc2f04cc5928ac1.js",
      "global": false,
      "virtualPath": "script/score/BeatAction.js"
    },
    "music1": {
      "type": "audio",
      "path": "files/91de322b81a19a340209",
      "systemId": "sound",
      "duration": 2000,
      "virtualPath": "audio/music1"
    },
    "music10": {
      "type": "audio",
      "path": "files/0ad35bb2f7492d10cc2b",
      "systemId": "sound",
      "duration": 2000,
      "virtualPath": "audio/music10"
    },
    "music11": {
      "type": "audio",
      "path": "files/2c6ecd5e0afb8365fd98",
      "systemId": "sound",
      "duration": 2000,
      "virtualPath": "audio/music11"
    },
    "music12": {
      "type": "audio",
      "path": "files/20b6353018f5cd7f6d9a",
      "systemId": "sound",
      "duration": 2000,
      "virtualPath": "audio/music12"
    },
    "music13": {
      "type": "audio",
      "path": "files/b9e763964618b2cba199",
      "systemId": "sound",
      "duration": 2000,
      "virtualPath": "audio/music13"
    },
    "music14": {
      "type": "audio",
      "path": "files/20b6c7c8731dca01933f",
      "systemId": "sound",
      "duration": 2000,
      "virtualPath": "audio/music14"
    },
    "music15": {
      "type": "audio",
      "path": "files/e5c96f56f81ae0f77a9b",
      "systemId": "sound",
      "duration": 2000,
      "virtualPath": "audio/music15"
    },
    "music16": {
      "type": "audio",
      "path": "files/958c89a716e8b21c3863",
      "systemId": "sound",
      "duration": 2000,
      "virtualPath": "audio/music16"
    },
    "music17": {
      "type": "audio",
      "path": "files/73469cce8587dfedba13",
      "systemId": "sound",
      "duration": 2000,
      "virtualPath": "audio/music17"
    },
    "music18": {
      "type": "audio",
      "path": "files/311c9252f3f8046dd73e",
      "systemId": "sound",
      "duration": 2000,
      "virtualPath": "audio/music18"
    },
    "music19": {
      "type": "audio",
      "path": "files/3175bed8e6cb2272066a",
      "systemId": "sound",
      "duration": 2000,
      "virtualPath": "audio/music19"
    },
    "music2": {
      "type": "audio",
      "path": "files/b2949b641a02cce5d2bb",
      "systemId": "sound",
      "duration": 2000,
      "virtualPath": "audio/music2"
    },
    "music20": {
      "type": "audio",
      "path": "files/9ed3212ab7fc9841d0c0",
      "systemId": "sound",
      "duration": 2000,
      "virtualPath": "audio/music20"
    },
    "music21": {
      "type": "audio",
      "path": "files/bfb32ab16f6f7be8f354",
      "systemId": "sound",
      "duration": 2000,
      "virtualPath": "audio/music21"
    },
    "music22": {
      "type": "audio",
      "path": "files/91b329ccce6641ecf1c2",
      "systemId": "sound",
      "duration": 2000,
      "virtualPath": "audio/music22"
    },
    "music23": {
      "type": "audio",
      "path": "files/95a6c8e11b09d908f273",
      "systemId": "sound",
      "duration": 2000,
      "virtualPath": "audio/music23"
    },
    "music24": {
      "type": "audio",
      "path": "files/e7e027b06236f9b07a91",
      "systemId": "sound",
      "duration": 2000,
      "virtualPath": "audio/music24"
    },
    "music25": {
      "type": "audio",
      "path": "files/7010654957a3a4039145",
      "systemId": "sound",
      "duration": 2000,
      "virtualPath": "audio/music25"
    },
    "music26": {
      "type": "audio",
      "path": "files/e1831a77022d6eabb5b4",
      "systemId": "sound",
      "duration": 2000,
      "virtualPath": "audio/music26"
    },
    "music27": {
      "type": "audio",
      "path": "files/43db878a8bbcfbb4f98c",
      "systemId": "sound",
      "duration": 2000,
      "virtualPath": "audio/music27"
    },
    "music28": {
      "type": "audio",
      "path": "files/abcb470ab4e2e8b655af",
      "systemId": "sound",
      "duration": 2000,
      "virtualPath": "audio/music28"
    },
    "music29": {
      "type": "audio",
      "path": "files/ed1d6d514033ddd38492",
      "systemId": "sound",
      "duration": 2000,
      "virtualPath": "audio/music29"
    },
    "music3": {
      "type": "audio",
      "path": "files/e031141812b2d6d1da36",
      "systemId": "sound",
      "duration": 2000,
      "virtualPath": "audio/music3"
    },
    "music30": {
      "type": "audio",
      "path": "files/233c98fbfed5dcb03881",
      "systemId": "sound",
      "duration": 2000,
      "virtualPath": "audio/music30"
    },
    "music31": {
      "type": "audio",
      "path": "files/5d63a6b8684e123c236d",
      "systemId": "sound",
      "duration": 2000,
      "virtualPath": "audio/music31"
    },
    "music32": {
      "type": "audio",
      "path": "files/1cf3eaf8969721471238",
      "systemId": "sound",
      "duration": 2000,
      "virtualPath": "audio/music32"
    },
    "music33": {
      "type": "audio",
      "path": "files/2537afcbd56c045cb707",
      "systemId": "sound",
      "duration": 2000,
      "virtualPath": "audio/music33"
    },
    "music34": {
      "type": "audio",
      "path": "files/25be41acf75d9cc10d1c",
      "systemId": "sound",
      "duration": 2000,
      "virtualPath": "audio/music34"
    },
    "music35": {
      "type": "audio",
      "path": "files/824c3486ebecd3920416",
      "systemId": "sound",
      "duration": 2000,
      "virtualPath": "audio/music35"
    },
    "music36": {
      "type": "audio",
      "path": "files/ff9d3877f1754dc03a6e",
      "systemId": "sound",
      "duration": 2000,
      "virtualPath": "audio/music36"
    },
    "music37": {
      "type": "audio",
      "path": "files/84e9c62388f14cf8432f",
      "systemId": "sound",
      "duration": 2000,
      "virtualPath": "audio/music37"
    },
    "music38": {
      "type": "audio",
      "path": "files/e38a12551606d3ed305a",
      "systemId": "sound",
      "duration": 2000,
      "virtualPath": "audio/music38"
    },
    "music39": {
      "type": "audio",
      "path": "files/73b82dee5694e4da6e55",
      "systemId": "sound",
      "duration": 2000,
      "virtualPath": "audio/music39"
    },
    "music4": {
      "type": "audio",
      "path": "files/9d5a1de9f8c3c360ca38",
      "systemId": "sound",
      "duration": 2000,
      "virtualPath": "audio/music4"
    },
    "music40": {
      "type": "audio",
      "path": "files/3c067693023a25312938",
      "systemId": "sound",
      "duration": 2000,
      "virtualPath": "audio/music40"
    },
    "music41": {
      "type": "audio",
      "path": "files/a5dca546a980d89e8a08",
      "systemId": "sound",
      "duration": 2000,
      "virtualPath": "audio/music41"
    },
    "music42": {
      "type": "audio",
      "path": "files/5b48c2b77198702cac76",
      "systemId": "sound",
      "duration": 2000,
      "virtualPath": "audio/music42"
    },
    "music43": {
      "type": "audio",
      "path": "files/ee0f82498cbd1e02e0af",
      "systemId": "sound",
      "duration": 2000,
      "virtualPath": "audio/music43"
    },
    "music44": {
      "type": "audio",
      "path": "files/51dbd9eea6a87e5f07e2",
      "systemId": "sound",
      "duration": 2000,
      "virtualPath": "audio/music44"
    },
    "music45": {
      "type": "audio",
      "path": "files/53ed69b6fe82c67f0d8a",
      "systemId": "sound",
      "duration": 2000,
      "virtualPath": "audio/music45"
    },
    "music46": {
      "type": "audio",
      "path": "files/d355b5e7e59c31045534",
      "systemId": "sound",
      "duration": 2000,
      "virtualPath": "audio/music46"
    },
    "music47": {
      "type": "audio",
      "path": "files/25e7b1c35dd1b7ecc9d9",
      "systemId": "sound",
      "duration": 2000,
      "virtualPath": "audio/music47"
    },
    "music48": {
      "type": "audio",
      "path": "files/778b975c79ae1fce946a",
      "systemId": "sound",
      "duration": 2000,
      "virtualPath": "audio/music48"
    },
    "music49": {
      "type": "audio",
      "path": "files/1393bf403da381fd64bf",
      "systemId": "sound",
      "duration": 2000,
      "virtualPath": "audio/music49"
    },
    "music5": {
      "type": "audio",
      "path": "files/ce770ef073bdc5c55e2d",
      "systemId": "sound",
      "duration": 2000,
      "virtualPath": "audio/music5"
    },
    "music6": {
      "type": "audio",
      "path": "files/2935214e9129ea7f266a",
      "systemId": "sound",
      "duration": 2000,
      "virtualPath": "audio/music6"
    },
    "music7": {
      "type": "audio",
      "path": "files/f1e37547b0c41eb12a74",
      "systemId": "sound",
      "duration": 2000,
      "virtualPath": "audio/music7"
    },
    "music8": {
      "type": "audio",
      "path": "files/6cfc2e76eaf8aa3a4c61",
      "systemId": "sound",
      "duration": 2000,
      "virtualPath": "audio/music8"
    },
    "music9": {
      "type": "audio",
      "path": "files/41551e737759028ebf65",
      "systemId": "sound",
      "duration": 2000,
      "virtualPath": "audio/music9"
    },
    "peta1": {
      "type": "audio",
      "path": "files/16b78211daa14feb7f7e",
      "systemId": "sound",
      "duration": 57,
      "virtualPath": "audio/peta1"
    },
    "peta2": {
      "type": "audio",
      "path": "files/aaf68112ed3b694cd1e6",
      "systemId": "sound",
      "duration": 49,
      "virtualPath": "audio/peta2"
    },
    "tori_jump1": {
      "type": "image",
      "width": 128,
      "height": 256,
      "path": "files/c59088e624891a716461.png",
      "virtualPath": "image/tori_jump1.png"
    },
    "tori_miss1": {
      "type": "image",
      "width": 128,
      "height": 256,
      "path": "files/349aff1a46d9f6375515.png",
      "virtualPath": "image/tori_miss1.png"
    },
    "tori_tame1": {
      "type": "image",
      "width": 128,
      "height": 256,
      "path": "files/a095c56186c321e7dc19.png",
      "virtualPath": "image/tori_tame1.png"
    },
    "don": {
      "type": "audio",
      "path": "files/ef590ac06dcb02d11162",
      "systemId": "sound",
      "duration": 489,
      "virtualPath": "audio/don"
    },
    "miss": {
      "type": "audio",
      "path": "files/67db637a193974f48e81",
      "systemId": "sound",
      "duration": 785,
      "virtualPath": "audio/miss"
    },
    "numa_head": {
      "type": "audio",
      "path": "files/7794b21cda772f33701f",
      "systemId": "sound",
      "duration": 1296,
      "virtualPath": "audio/numa_head"
    },
    "numa_tail": {
      "type": "audio",
      "path": "files/bbc0e727aeee75b13bce",
      "systemId": "sound",
      "duration": 443,
      "virtualPath": "audio/numa_tail"
    },
    "pi": {
      "type": "audio",
      "path": "files/fd2f2d8a6de50abfda7e",
      "systemId": "sound",
      "duration": 199,
      "virtualPath": "audio/pi"
    },
    "opening": {
      "type": "audio",
      "path": "files/f22fb6507c252aad77a6",
      "systemId": "sound",
      "duration": 6009,
      "virtualPath": "audio/opening"
    },
    "aez_bundle_main": {
      "type": "script",
      "global": true,
      "path": "files/f086925699839f7a9594.js",
      "virtualPath": "script/aez_bundle_main.js"
    }
  },
  "environment": {
    "sandbox-runtime": "2",
    "niconico": {
      "supportedModes": [
        "single"
      ]
    },
    "external": {
      "send": "0"
    },
    "akashic-runtime": {
      "version": "~2.1.13",
      "flavor": "-canvas"
    }
  },
  "globalScripts": [],
  "moduleMainScripts": {
    "@akashic-extension/akashic-timeline": "node_modules/@akashic-extension/akashic-timeline/lib/index.js"
  }
}